filename,intervals
/n/home02/ematsumoto/AC297r/CoughAnalyzer/data_w_noise_white0.03_nbn10_nbd0.5_w-beeping_w-talking/29241394-8a28-46f5-8b62-a062b4564c5c.wav,"[(98.39999999999999, 99.35999999999999)]"
/n/home02/ematsumoto/AC297r/CoughAnalyzer/data_w_noise_white0.03_nbn10_nbd0.5_w-beeping_w-talking/09de6967-b295-4516-8a4d-4d95c9a7b02c.wav,"[(2.88, 3.84), (4.32, 5.76), (6.24, 7.2)]"
/n/home02/ematsumoto/AC297r/CoughAnalyzer/data_w_noise_white0.03_nbn10_nbd0.5_w-beeping_w-talking/21c16c1c-46fc-4b80-b941-65d7c6e87555.wav,"[(0.48, 7.2)]"
/n/home02/ematsumoto/AC297r/CoughAnalyzer/data_w_noise_white0.03_nbn10_nbd0.5_w-beeping_w-talking/0969d0c4-34ce-4e9a-8cf1-1b18403587e8.wav,"[(2.88, 4.32)]"
/n/home02/ematsumoto/AC297r/CoughAnalyzer/data_w_noise_white0.03_nbn10_nbd0.5_w-beeping_w-talking/008c1c9e-aeef-40c5-846c-24f1b964f884.wav,"[(1.92, 3.36), (4.8, 5.76)]"
/n/home02/ematsumoto/AC297r/CoughAnalyzer/data_w_noise_white0.03_nbn10_nbd0.5_w-beeping_w-talking/4dba41ae-c9c3-4bf3-a5fb-8d8d2b8809c9.wav,"[(7.199999999999999, 8.64)]"
/n/home02/ematsumoto/AC297r/CoughAnalyzer/data_w_noise_white0.03_nbn10_nbd0.5_w-beeping_w-talking/03d30b8b-03f8-4089-bda8-0e14deec7d82.wav,"[(0.48, 2.4), (2.88, 4.32)]"
/n/home02/ematsumoto/AC297r/CoughAnalyzer/data_w_noise_white0.03_nbn10_nbd0.5_w-beeping_w-talking/8c9122bd-5601-48aa-865a-63db152a91df.wav,"[(0.48, 1.44), (2.4, 3.84)]"
/n/home02/ematsumoto/AC297r/CoughAnalyzer/data_w_noise_white0.03_nbn10_nbd0.5_w-beeping_w-talking/005b8518-03ba-4bf5-86d2-005541442357.wav,"[(1.92, 3.36), (3.84, 4.8)]"
/n/home02/ematsumoto/AC297r/CoughAnalyzer/data_w_noise_white0.03_nbn10_nbd0.5_w-beeping_w-talking/48b287c0-5c2b-44ef-b469-3808b3b287ea.wav,"[(3.36, 4.32)]"
/n/home02/ematsumoto/AC297r/CoughAnalyzer/data_w_noise_white0.03_nbn10_nbd0.5_w-beeping_w-talking/f504d41c-13e5-4d7a-9a91-0436aab969cf.wav,"[(1.92, 5.28)]"
/n/home02/ematsumoto/AC297r/CoughAnalyzer/data_w_noise_white0.03_nbn10_nbd0.5_w-beeping_w-talking/3481b694-34fe-4b03-a529-88ef085815fd.wav,"[(2.4, 6.239999999999999), (7.68, 8.64)]"
/n/home02/ematsumoto/AC297r/CoughAnalyzer/data_w_noise_white0.03_nbn10_nbd0.5_w-beeping_w-talking/f4eaf2ba-b2e3-4755-893e-6ddb786189c9.wav,"[(5.279999999999999, 6.239999999999999)]"
/n/home02/ematsumoto/AC297r/CoughAnalyzer/data_w_noise_white0.03_nbn10_nbd0.5_w-beeping_w-talking/1c8853d4-5a0b-425e-b211-d20b2d16e35d.wav,"[(2.4, 3.36), (5.279999999999999, 6.72)]"
/n/home02/ematsumoto/AC297r/CoughAnalyzer/data_w_noise_white0.03_nbn10_nbd0.5_w-beeping_w-talking/aa78817e-f5e3-470b-b516-6006c59fb1fa.wav,"[(3.36, 4.32), (5.76, 6.72)]"
/n/home02/ematsumoto/AC297r/CoughAnalyzer/data_w_noise_white0.03_nbn10_nbd0.5_w-beeping_w-talking/1e3025cb-d921-485b-a08c-c2966fc4f730.wav,"[(6.72, 10.079999999999998)]"
/n/home02/ematsumoto/AC297r/CoughAnalyzer/data_w_noise_white0.03_nbn10_nbd0.5_w-beeping_w-talking/a75adc66-7f70-4f0f-91f7-7a2a2eac61e9.wav,"[(0.96, 2.4), (4.32, 5.28)]"
/n/home02/ematsumoto/AC297r/CoughAnalyzer/data_w_noise_white0.03_nbn10_nbd0.5_w-beeping_w-talking/2e349a58-b119-4b15-8b3f-5a5c6416bca4.wav,"[(0.96, 2.88)]"
/n/home02/ematsumoto/AC297r/CoughAnalyzer/data_w_noise_white0.03_nbn10_nbd0.5_w-beeping_w-talking/d769f90f-8183-4c42-8ea6-cf992ee40a64.wav,"[(1.92, 3.36)]"
/n/home02/ematsumoto/AC297r/CoughAnalyzer/data_w_noise_white0.03_nbn10_nbd0.5_w-beeping_w-talking/08f05aa0-7c3d-40be-a8ae-ab6bc6d41be3.wav,"[(0.48, 2.4), (2.88, 4.8), (5.76, 6.72)]"
/n/home02/ematsumoto/AC297r/CoughAnalyzer/data_w_noise_white0.03_nbn10_nbd0.5_w-beeping_w-talking/006d8d1c-2bf6-46a6-8ef2-1823898a4733.wav,"[(4.8, 5.76)]"
/n/home02/ematsumoto/AC297r/CoughAnalyzer/data_w_noise_white0.03_nbn10_nbd0.5_w-beeping_w-talking/30b282bb-affd-4449-81b3-f5bcc8877bee.wav,"[(1.44, 2.4), (7.199999999999999, 8.16)]"
/n/home02/ematsumoto/AC297r/CoughAnalyzer/data_w_noise_white0.03_nbn10_nbd0.5_w-beeping_w-talking/5f5f4027-45d4-4867-a9e2-ecc500eaf21d.wav,"[(3.36, 5.76)]"
/n/home02/ematsumoto/AC297r/CoughAnalyzer/data_w_noise_white0.03_nbn10_nbd0.5_w-beeping_w-talking/f5a661dc-8161-4842-b1c3-cd7265896101.wav,"[(0.0, 1.44), (3.36, 4.32)]"
/n/home02/ematsumoto/AC297r/CoughAnalyzer/data_w_noise_white0.03_nbn10_nbd0.5_w-beeping_w-talking/5b7312df-3d0b-4a64-8884-e9072acceb41.wav,"[(4.8, 8.16)]"
/n/home02/ematsumoto/AC297r/CoughAnalyzer/data_w_noise_white0.03_nbn10_nbd0.5_w-beeping_w-talking/25b750e5-8a76-4c13-9fd8-851e45d1b5ed.wav,"[(1.92, 6.72)]"
/n/home02/ematsumoto/AC297r/CoughAnalyzer/data_w_noise_white0.03_nbn10_nbd0.5_w-beeping_w-talking/e247085a-cf34-45be-b3c1-3c609c7d2bf1.wav,"[(0.0, 1.44)]"
/n/home02/ematsumoto/AC297r/CoughAnalyzer/data_w_noise_white0.03_nbn10_nbd0.5_w-beeping_w-talking/9a80a95e-6d74-4d45-bfd0-62c3eb40471a.wav,"[(1.44, 7.2)]"
/n/home02/ematsumoto/AC297r/CoughAnalyzer/data_w_noise_white0.03_nbn10_nbd0.5_w-beeping_w-talking/3278e364-afdd-4c39-9126-b8b4a4caf1c5.wav,"[(7.199999999999999, 8.16)]"
/n/home02/ematsumoto/AC297r/CoughAnalyzer/data_w_noise_white0.03_nbn10_nbd0.5_w-beeping_w-talking/69317fad-cc19-43fe-8537-782fc415ee7c.wav,"[(0.96, 1.92)]"
/n/home02/ematsumoto/AC297r/CoughAnalyzer/data_w_noise_white0.03_nbn10_nbd0.5_w-beeping_w-talking/651341cb-6be7-4981-b3e0-a454dee3af64.wav,"[(0.0, 1.44)]"
/n/home02/ematsumoto/AC297r/CoughAnalyzer/data_w_noise_white0.03_nbn10_nbd0.5_w-beeping_w-talking/0f8d80f9-700e-4069-924d-e15f29d7c19a.wav,"[(2.88, 4.32)]"
/n/home02/ematsumoto/AC297r/CoughAnalyzer/data_w_noise_white0.03_nbn10_nbd0.5_w-beeping_w-talking/9333c624-ef59-44f6-9643-fa9b2485c173.wav,"[(1.92, 2.88), (3.84, 5.28)]"
/n/home02/ematsumoto/AC297r/CoughAnalyzer/data_w_noise_white0.03_nbn10_nbd0.5_w-beeping_w-talking/c1371e45-804a-42fc-a3f9-5e66d4dc0a23.wav,"[(2.4, 4.32)]"
/n/home02/ematsumoto/AC297r/CoughAnalyzer/data_w_noise_white0.03_nbn10_nbd0.5_w-beeping_w-talking/1dd3b212-e969-4ede-a9d9-f24b711e2028.wav,"[(0.48, 6.239999999999999), (6.24, 8.64)]"
/n/home02/ematsumoto/AC297r/CoughAnalyzer/data_w_noise_white0.03_nbn10_nbd0.5_w-beeping_w-talking/99d322ed-c367-4d45-b6d1-f008b47f1af9.wav,"[(0.0, 0.96), (1.44, 2.88)]"
/n/home02/ematsumoto/AC297r/CoughAnalyzer/data_w_noise_white0.03_nbn10_nbd0.5_w-beeping_w-talking/5280c666-4f3e-4d7c-a283-19041fc4cb2b.wav,"[(4.32, 5.28)]"
/n/home02/ematsumoto/AC297r/CoughAnalyzer/data_w_noise_white0.03_nbn10_nbd0.5_w-beeping_w-talking/57263117-e5ef-4d4c-b678-cec8095c7e0d.wav,"[(0.0, 3.84), (4.32, 6.239999999999999)]"
/n/home02/ematsumoto/AC297r/CoughAnalyzer/data_w_noise_white0.03_nbn10_nbd0.5_w-beeping_w-talking/d7e71034-14a0-4ebb-870c-11bffb7d80d4.wav,"[(2.88, 3.84)]"
/n/home02/ematsumoto/AC297r/CoughAnalyzer/data_w_noise_white0.03_nbn10_nbd0.5_w-beeping_w-talking/4260e6fd-0a12-48de-9bfd-1b8644c2186b.wav,"[(1.92, 3.36)]"
/n/home02/ematsumoto/AC297r/CoughAnalyzer/data_w_noise_white0.03_nbn10_nbd0.5_w-beeping_w-talking/182246b0-9f77-4c40-976e-3c9342619819.wav,"[(0.48, 1.92), (3.36, 4.8), (5.279999999999999, 7.2)]"
/n/home02/ematsumoto/AC297r/CoughAnalyzer/data_w_noise_white0.03_nbn10_nbd0.5_w-beeping_w-talking/ae18328e-da30-4137-a717-a718ffe2412e.wav,"[(4.8, 8.16)]"
/n/home02/ematsumoto/AC297r/CoughAnalyzer/data_w_noise_white0.03_nbn10_nbd0.5_w-beeping_w-talking/494fdf0a-fc66-4292-acc4-7a69df02405f.wav,"[(2.4, 6.72)]"
/n/home02/ematsumoto/AC297r/CoughAnalyzer/data_w_noise_white0.03_nbn10_nbd0.5_w-beeping_w-talking/0527be95-d7f1-4156-8e37-1587355661ca.wav,"[(1.44, 2.4), (3.36, 8.16)]"
/n/home02/ematsumoto/AC297r/CoughAnalyzer/data_w_noise_white0.03_nbn10_nbd0.5_w-beeping_w-talking/e4729edf-12e5-4ba9-883e-1114c32b90f0.wav,"[(0.48, 3.36)]"
/n/home02/ematsumoto/AC297r/CoughAnalyzer/data_w_noise_white0.03_nbn10_nbd0.5_w-beeping_w-talking/ada1def9-7e36-4d4e-8e3e-e678afee4185.wav,"[(0.96, 2.88), (3.84, 4.8)]"
/n/home02/ematsumoto/AC297r/CoughAnalyzer/data_w_noise_white0.03_nbn10_nbd0.5_w-beeping_w-talking/fed255ec-4829-4f4a-b22d-9bb23f2dd89f.wav,"[(1.92, 3.84), (4.32, 6.239999999999999), (6.72, 8.16)]"
/n/home02/ematsumoto/AC297r/CoughAnalyzer/data_w_noise_white0.03_nbn10_nbd0.5_w-beeping_w-talking/28d4e487-0d9d-4911-951d-5de7fcb5c986.wav,"[(1.92, 4.32)]"
/n/home02/ematsumoto/AC297r/CoughAnalyzer/data_w_noise_white0.03_nbn10_nbd0.5_w-beeping_w-talking/191dca0e-7951-4aa3-9764-2761bd511955.wav,"[(4.8, 6.72)]"
/n/home02/ematsumoto/AC297r/CoughAnalyzer/data_w_noise_white0.03_nbn10_nbd0.5_w-beeping_w-talking/8956ab9c-a0ca-4f2e-ae00-1f5d0065d50b.wav,"[(0.48, 2.4), (3.36, 5.76)]"
/n/home02/ematsumoto/AC297r/CoughAnalyzer/data_w_noise_white0.03_nbn10_nbd0.5_w-beeping_w-talking/56da1f04-fe81-4928-a1de-0f3b9d333c12.wav,"[(1.92, 4.32)]"
/n/home02/ematsumoto/AC297r/CoughAnalyzer/data_w_noise_white0.03_nbn10_nbd0.5_w-beeping_w-talking/9aad0bb1-3d4e-430b-964f-2a8b27a20143.wav,"[(4.32, 5.28), (6.24, 7.2), (8.64, 10.079999999999998)]"
/n/home02/ematsumoto/AC297r/CoughAnalyzer/data_w_noise_white0.03_nbn10_nbd0.5_w-beeping_w-talking/6c9a5f33-9e90-4c08-8782-20b0d86abc46.wav,"[(0.48, 1.44)]"
/n/home02/ematsumoto/AC297r/CoughAnalyzer/data_w_noise_white0.03_nbn10_nbd0.5_w-beeping_w-talking/70ea9638-f7e3-4f16-bb97-7d066a0e6cdf.wav,"[(0.96, 1.92), (3.36, 5.76)]"
/n/home02/ematsumoto/AC297r/CoughAnalyzer/data_w_noise_white0.03_nbn10_nbd0.5_w-beeping_w-talking/13cc16ff-2b44-4740-b7f4-e80cf7404d30.wav,"[(2.88, 4.8), (5.279999999999999, 6.239999999999999)]"
/n/home02/ematsumoto/AC297r/CoughAnalyzer/data_w_noise_white0.03_nbn10_nbd0.5_w-beeping_w-talking/c9fa0d4d-76d1-41c4-863c-b83bb8908140.wav,"[(2.4, 4.32)]"
/n/home02/ematsumoto/AC297r/CoughAnalyzer/data_w_noise_white0.03_nbn10_nbd0.5_w-beeping_w-talking/09115490-33a9-461c-9437-d7f71be057b0.wav,"[(4.8, 8.16)]"
/n/home02/ematsumoto/AC297r/CoughAnalyzer/data_w_noise_white0.03_nbn10_nbd0.5_w-beeping_w-talking/92b22064-50ef-4244-b5fd-aa348ceb7371.wav,"[(1.92, 3.36)]"
/n/home02/ematsumoto/AC297r/CoughAnalyzer/data_w_noise_white0.03_nbn10_nbd0.5_w-beeping_w-talking/ff1234d7-7837-4ba7-842f-99fdc916baa9.wav,"[(3.36, 4.32), (5.76, 7.2)]"
/n/home02/ematsumoto/AC297r/CoughAnalyzer/data_w_noise_white0.03_nbn10_nbd0.5_w-beeping_w-talking/87afcc54-2b3c-45c1-a4c7-2e68a8e30280.wav,"[(0.48, 4.32), (4.8, 5.76)]"
/n/home02/ematsumoto/AC297r/CoughAnalyzer/data_w_noise_white0.03_nbn10_nbd0.5_w-beeping_w-talking/058dc7ae-8ddc-4718-a93b-34d115a19b10.wav,"[(2.4, 3.36)]"
/n/home02/ematsumoto/AC297r/CoughAnalyzer/data_w_noise_white0.03_nbn10_nbd0.5_w-beeping_w-talking/8254b396-cceb-4644-a723-5747cade8cf9.wav,"[(6.24, 7.2)]"
/n/home02/ematsumoto/AC297r/CoughAnalyzer/data_w_noise_white0.03_nbn10_nbd0.5_w-beeping_w-talking/818197ee-acaf-48e1-8776-1c70942a4ced.wav,"[(2.88, 6.72)]"
/n/home02/ematsumoto/AC297r/CoughAnalyzer/data_w_noise_white0.03_nbn10_nbd0.5_w-beeping_w-talking/56994aa1-4626-4782-9f27-f125adfd120a.wav,"[(1.92, 2.88)]"
/n/home02/ematsumoto/AC297r/CoughAnalyzer/data_w_noise_white0.03_nbn10_nbd0.5_w-beeping_w-talking/8b733837-961a-4f17-a18c-13b89b54ef69.wav,"[(4.32, 6.239999999999999), (6.72, 8.16)]"
/n/home02/ematsumoto/AC297r/CoughAnalyzer/data_w_noise_white0.03_nbn10_nbd0.5_w-beeping_w-talking/64da4ad6-4280-49a1-bd37-e35efd7837c6.wav,"[(3.84, 5.28)]"
/n/home02/ematsumoto/AC297r/CoughAnalyzer/data_w_noise_white0.03_nbn10_nbd0.5_w-beeping_w-talking/c941e62c-e260-4ee9-959e-af91663ac58c.wav,"[(1.92, 2.88), (5.76, 6.72)]"
/n/home02/ematsumoto/AC297r/CoughAnalyzer/data_w_noise_white0.03_nbn10_nbd0.5_w-beeping_w-talking/1ed9491a-4036-4308-bc44-5036fc2e9f28.wav,"[(4.8, 8.16)]"
/n/home02/ematsumoto/AC297r/CoughAnalyzer/data_w_noise_white0.03_nbn10_nbd0.5_w-beeping_w-talking/6462d540-48bc-410b-b08e-cdf0b45ee118.wav,"[(1.44, 2.88)]"
/n/home02/ematsumoto/AC297r/CoughAnalyzer/data_w_noise_white0.03_nbn10_nbd0.5_w-beeping_w-talking/c5a4c854-9d78-4615-9fdd-519e547e972f.wav,"[(2.88, 4.32), (4.8, 6.72)]"
/n/home02/ematsumoto/AC297r/CoughAnalyzer/data_w_noise_white0.03_nbn10_nbd0.5_w-beeping_w-talking/66636b7b-3e0e-4613-9f1f-4ec16fb313c3.wav,"[(2.88, 5.76), (6.72, 8.16)]"
/n/home02/ematsumoto/AC297r/CoughAnalyzer/data_w_noise_white0.03_nbn10_nbd0.5_w-beeping_w-talking/f515534f-1850-4a2a-9400-6269e7baae16.wav,"[(3.36, 4.32)]"
/n/home02/ematsumoto/AC297r/CoughAnalyzer/data_w_noise_white0.03_nbn10_nbd0.5_w-beeping_w-talking/c67bffd4-1620-4f80-9b40-5661d595a5a0.wav,"[(2.88, 5.28)]"
/n/home02/ematsumoto/AC297r/CoughAnalyzer/data_w_noise_white0.03_nbn10_nbd0.5_w-beeping_w-talking/ccdb32af-58f4-4718-9f6e-eec7e0020382.wav,"[(1.44, 2.88), (3.36, 4.32), (4.8, 6.239999999999999)]"
/n/home02/ematsumoto/AC297r/CoughAnalyzer/data_w_noise_white0.03_nbn10_nbd0.5_w-beeping_w-talking/a5aeaa95-ed25-452b-b112-62c042c21b33.wav,"[(0.96, 2.4), (6.72, 7.68)]"
/n/home02/ematsumoto/AC297r/CoughAnalyzer/data_w_noise_white0.03_nbn10_nbd0.5_w-beeping_w-talking/9cb306f5-47a1-441c-888a-34ad29f5983c.wav,"[(8.16, 10.079999999999998)]"
/n/home02/ematsumoto/AC297r/CoughAnalyzer/data_w_noise_white0.03_nbn10_nbd0.5_w-beeping_w-talking/314cd5c3-0030-4ea1-83b3-d6845897b903.wav,"[(2.88, 5.28)]"
/n/home02/ematsumoto/AC297r/CoughAnalyzer/data_w_noise_white0.03_nbn10_nbd0.5_w-beeping_w-talking/2cc30bb4-6e0f-4cb5-a7a5-f7fa03c203ba.wav,"[(0.96, 2.88)]"
/n/home02/ematsumoto/AC297r/CoughAnalyzer/data_w_noise_white0.03_nbn10_nbd0.5_w-beeping_w-talking/fb0971e2-8ebf-459c-972d-b09d28ae0ca6.wav,"[(1.92, 2.88), (4.32, 5.76)]"
/n/home02/ematsumoto/AC297r/CoughAnalyzer/data_w_noise_white0.03_nbn10_nbd0.5_w-beeping_w-talking/d2a55629-24e2-4460-8a0a-b7065927ee07.wav,"[(0.96, 3.84)]"
/n/home02/ematsumoto/AC297r/CoughAnalyzer/data_w_noise_white0.03_nbn10_nbd0.5_w-beeping_w-talking/01614a4a-947f-43ca-a609-fc2787509f6f.wav,"[(0.48, 2.4), (3.36, 7.68), (9.12, 10.079999999999998)]"
/n/home02/ematsumoto/AC297r/CoughAnalyzer/data_w_noise_white0.03_nbn10_nbd0.5_w-beeping_w-talking/aa059172-1850-4afe-8809-2fe79603286a.wav,"[(4.32, 6.72)]"
/n/home02/ematsumoto/AC297r/CoughAnalyzer/data_w_noise_white0.03_nbn10_nbd0.5_w-beeping_w-talking/510640bb-d6db-483f-a754-c5fa1eaaa388.wav,"[(3.84, 4.8), (8.64, 9.600000000000001)]"
/n/home02/ematsumoto/AC297r/CoughAnalyzer/data_w_noise_white0.03_nbn10_nbd0.5_w-beeping_w-talking/9821da28-7655-4736-abf8-4c89582e407f.wav,"[(2.88, 4.32)]"
/n/home02/ematsumoto/AC297r/CoughAnalyzer/data_w_noise_white0.03_nbn10_nbd0.5_w-beeping_w-talking/008ba489-31ad-44d8-856b-fcf72369dc46.wav,"[(3.36, 5.28), (6.24, 8.16)]"
/n/home02/ematsumoto/AC297r/CoughAnalyzer/data_w_noise_white0.03_nbn10_nbd0.5_w-beeping_w-talking/0d930dca-d29e-4b69-a211-79ce69081c97.wav,"[(1.44, 2.4), (3.36, 4.8)]"
/n/home02/ematsumoto/AC297r/CoughAnalyzer/data_w_noise_white0.03_nbn10_nbd0.5_w-beeping_w-talking/00ce5b06-c302-4387-bbd7-86355a4a8c12.wav,"[(1.44, 3.36), (4.32, 5.28), (5.76, 6.72)]"
/n/home02/ematsumoto/AC297r/CoughAnalyzer/data_w_noise_white0.03_nbn10_nbd0.5_w-beeping_w-talking/4f95a31d-9302-47bb-a0b6-cdd8b13c0aab.wav,"[(6.24, 7.2)]"
/n/home02/ematsumoto/AC297r/CoughAnalyzer/data_w_noise_white0.03_nbn10_nbd0.5_w-beeping_w-talking/7cd1efb7-e973-492d-8a2c-e00a42ef0d78.wav,"[(3.84, 6.239999999999999), (6.24, 8.16)]"
/n/home02/ematsumoto/AC297r/CoughAnalyzer/data_w_noise_white0.03_nbn10_nbd0.5_w-beeping_w-talking/01f97898-9ec4-480b-9fcc-a9daa737106d.wav,"[(2.4, 6.239999999999999), (7.68, 8.64)]"
/n/home02/ematsumoto/AC297r/CoughAnalyzer/data_w_noise_white0.03_nbn10_nbd0.5_w-beeping_w-talking/0dcae895-e7c6-4e47-a399-29f22b37e075.wav,"[(5.279999999999999, 6.72), (7.199999999999999, 8.16)]"
/n/home02/ematsumoto/AC297r/CoughAnalyzer/data_w_noise_white0.03_nbn10_nbd0.5_w-beeping_w-talking/16b16ff5-e875-4f0f-ad76-bd7ba27faca6.wav,"[(3.84, 5.76), (6.24, 7.68)]"
/n/home02/ematsumoto/AC297r/CoughAnalyzer/data_w_noise_white0.03_nbn10_nbd0.5_w-beeping_w-talking/0f8fb3e0-1a30-4bd3-982a-24342a0bdc70.wav,"[(0.96, 2.4)]"
/n/home02/ematsumoto/AC297r/CoughAnalyzer/data_w_noise_white0.03_nbn10_nbd0.5_w-beeping_w-talking/71d4e0e2-99b1-49bc-990f-1f7b4b5de826.wav,"[(3.36, 4.32)]"
/n/home02/ematsumoto/AC297r/CoughAnalyzer/data_w_noise_white0.03_nbn10_nbd0.5_w-beeping_w-talking/e56ea219-e97c-45c4-8222-5ecf168445b5.wav,"[(2.4, 5.28)]"
/n/home02/ematsumoto/AC297r/CoughAnalyzer/data_w_noise_white0.03_nbn10_nbd0.5_w-beeping_w-talking/6dff10f3-5df0-4b5a-be62-613afd6115dc.wav,"[(3.36, 4.32), (4.8, 6.239999999999999)]"
/n/home02/ematsumoto/AC297r/CoughAnalyzer/data_w_noise_white0.03_nbn10_nbd0.5_w-beeping_w-talking/49cc8b94-838b-4b23-9fb1-8d9384520634.wav,"[(2.88, 4.32), (4.8, 6.239999999999999)]"
/n/home02/ematsumoto/AC297r/CoughAnalyzer/data_w_noise_white0.03_nbn10_nbd0.5_w-beeping_w-talking/760cb050-4175-4498-817d-a9976e359c52.wav,"[(0.96, 2.88), (3.84, 4.8), (8.64, 10.079999999999998)]"
/n/home02/ematsumoto/AC297r/CoughAnalyzer/data_w_noise_white0.03_nbn10_nbd0.5_w-beeping_w-talking/481443c9-17a9-4194-9525-8c5fc2cd15fc.wav,"[(0.96, 2.4), (4.32, 5.28)]"
/n/home02/ematsumoto/AC297r/CoughAnalyzer/data_w_noise_white0.03_nbn10_nbd0.5_w-beeping_w-talking/74536842-b3dc-4f8f-b232-0333419d7ca2.wav,"[(0.0, 0.96), (9.12, 10.079999999999998)]"
/n/home02/ematsumoto/AC297r/CoughAnalyzer/data_w_noise_white0.03_nbn10_nbd0.5_w-beeping_w-talking/bbe5b8d6-21cf-4718-b263-0fb779d13784.wav,"[(1.92, 2.88)]"
/n/home02/ematsumoto/AC297r/CoughAnalyzer/data_w_noise_white0.03_nbn10_nbd0.5_w-beeping_w-talking/4c58cf95-9b2e-4091-adaa-0ac06a355c48.wav,"[(1.44, 2.88), (3.36, 4.8)]"
/n/home02/ematsumoto/AC297r/CoughAnalyzer/data_w_noise_white0.03_nbn10_nbd0.5_w-beeping_w-talking/f942b766-ef1e-42e7-826d-40e053414824.wav,"[(5.279999999999999, 6.239999999999999)]"
/n/home02/ematsumoto/AC297r/CoughAnalyzer/data_w_noise_white0.03_nbn10_nbd0.5_w-beeping_w-talking/0029d048-898a-4c70-89c7-0815cdcf7391.wav,"[(0.48, 1.44), (1.92, 2.88), (3.36, 4.32)]"
/n/home02/ematsumoto/AC297r/CoughAnalyzer/data_w_noise_white0.03_nbn10_nbd0.5_w-beeping_w-talking/bb9766af-74b9-4533-ac93-e0d75f7bd7ba.wav,"[(6.24, 8.16)]"
/n/home02/ematsumoto/AC297r/CoughAnalyzer/data_w_noise_white0.03_nbn10_nbd0.5_w-beeping_w-talking/b618923d-796d-4adb-ae9e-266ab08f1249.wav,"[(0.96, 1.92)]"
/n/home02/ematsumoto/AC297r/CoughAnalyzer/data_w_noise_white0.03_nbn10_nbd0.5_w-beeping_w-talking/0640716b-e287-4181-a653-5b798e8308c8.wav,"[(0.96, 2.4), (2.88, 4.32), (4.8, 6.239999999999999)]"
/n/home02/ematsumoto/AC297r/CoughAnalyzer/data_w_noise_white0.03_nbn10_nbd0.5_w-beeping_w-talking/3c1efb88-ebba-4dd6-8fb7-ac1fb6e78abb.wav,"[(1.92, 2.88)]"
/n/home02/ematsumoto/AC297r/CoughAnalyzer/data_w_noise_white0.03_nbn10_nbd0.5_w-beeping_w-talking/14a3c119-bee8-435a-9193-d2ce7cb84a03.wav,"[(1.44, 5.76), (6.24, 7.68)]"
/n/home02/ematsumoto/AC297r/CoughAnalyzer/data_w_noise_white0.03_nbn10_nbd0.5_w-beeping_w-talking/018b40a1-c109-459a-9e31-86cbd2cb3918.wav,"[(0.96, 2.88), (3.84, 5.28)]"
/n/home02/ematsumoto/AC297r/CoughAnalyzer/data_w_noise_white0.03_nbn10_nbd0.5_w-beeping_w-talking/922fd4da-e8ce-4ef5-b9a8-56921dfa9328.wav,"[(1.44, 2.4), (3.84, 6.239999999999999)]"
/n/home02/ematsumoto/AC297r/CoughAnalyzer/data_w_noise_white0.03_nbn10_nbd0.5_w-beeping_w-talking/2295a6f8-08d5-467f-8534-8329c9083f28.wav,"[(1.44, 2.88)]"
/n/home02/ematsumoto/AC297r/CoughAnalyzer/data_w_noise_white0.03_nbn10_nbd0.5_w-beeping_w-talking/88571a5b-7d25-4373-86f8-f784dbceabec.wav,"[(4.8, 5.76)]"
/n/home02/ematsumoto/AC297r/CoughAnalyzer/data_w_noise_white0.03_nbn10_nbd0.5_w-beeping_w-talking/5c53c446-4d42-4dcf-9a2a-3c8c4a7682e1.wav,"[(2.88, 3.84), (4.8, 5.76)]"
/n/home02/ematsumoto/AC297r/CoughAnalyzer/data_w_noise_white0.03_nbn10_nbd0.5_w-beeping_w-talking/e6448323-4be3-4fac-ba98-33aee0de0817.wav,"[(3.84, 4.8)]"
/n/home02/ematsumoto/AC297r/CoughAnalyzer/data_w_noise_white0.03_nbn10_nbd0.5_w-beeping_w-talking/37ac823b-4e39-4e85-a6c1-5e1e79979a13.wav,"[(1.44, 2.4), (4.8, 6.239999999999999), (8.64, 10.079999999999998)]"
/n/home02/ematsumoto/AC297r/CoughAnalyzer/data_w_noise_white0.03_nbn10_nbd0.5_w-beeping_w-talking/06b568b5-b9f8-4334-816c-c16009bb5de7.wav,"[(0.48, 2.4)]"
/n/home02/ematsumoto/AC297r/CoughAnalyzer/data_w_noise_white0.03_nbn10_nbd0.5_w-beeping_w-talking/ea15c9f5-e77d-4b3f-803d-443a69d63eed.wav,"[(1.92, 3.84), (4.32, 5.28), (6.24, 7.2)]"
/n/home02/ematsumoto/AC297r/CoughAnalyzer/data_w_noise_white0.03_nbn10_nbd0.5_w-beeping_w-talking/abbff660-5d13-4c31-b842-bbf2189ff14e.wav,"[(2.4, 3.84), (5.279999999999999, 6.72)]"
/n/home02/ematsumoto/AC297r/CoughAnalyzer/data_w_noise_white0.03_nbn10_nbd0.5_w-beeping_w-talking/1357788c-fd94-45ff-b31d-da0cda859731.wav,"[(6.72, 8.64)]"
/n/home02/ematsumoto/AC297r/CoughAnalyzer/data_w_noise_white0.03_nbn10_nbd0.5_w-beeping_w-talking/fd7d172d-4106-427a-870b-0384c88f147f.wav,"[(0.0, 1.44)]"
/n/home02/ematsumoto/AC297r/CoughAnalyzer/data_w_noise_white0.03_nbn10_nbd0.5_w-beeping_w-talking/83d26908-f355-426a-b5dc-92dee890482d.wav,"[(4.8, 8.64)]"
/n/home02/ematsumoto/AC297r/CoughAnalyzer/data_w_noise_white0.03_nbn10_nbd0.5_w-beeping_w-talking/cb89e13c-f7b9-4277-8529-85385032e6b2.wav,"[(0.48, 1.44)]"
/n/home02/ematsumoto/AC297r/CoughAnalyzer/data_w_noise_white0.03_nbn10_nbd0.5_w-beeping_w-talking/8f5531fb-5c2a-450b-b14c-4321085887d8.wav,"[(2.4, 3.36)]"
/n/home02/ematsumoto/AC297r/CoughAnalyzer/data_w_noise_white0.03_nbn10_nbd0.5_w-beeping_w-talking/d9b4a30f-682d-4889-b65f-b359f4ebc74d.wav,"[(0.0, 6.72)]"
/n/home02/ematsumoto/AC297r/CoughAnalyzer/data_w_noise_white0.03_nbn10_nbd0.5_w-beeping_w-talking/37347587-048a-4a1c-a100-7cf820711428.wav,"[(0.48, 1.44)]"
/n/home02/ematsumoto/AC297r/CoughAnalyzer/data_w_noise_white0.03_nbn10_nbd0.5_w-beeping_w-talking/89c97828-25b3-4957-8f2c-8da426e68d74.wav,"[(4.8, 6.72)]"
/n/home02/ematsumoto/AC297r/CoughAnalyzer/data_w_noise_white0.03_nbn10_nbd0.5_w-beeping_w-talking/d5a1411d-d312-44b1-a37d-a387ec13df1a.wav,"[(1.44, 3.84)]"
/n/home02/ematsumoto/AC297r/CoughAnalyzer/data_w_noise_white0.03_nbn10_nbd0.5_w-beeping_w-talking/030be8fd-4ef5-43ea-b3da-58079fb494ba.wav,"[(3.36, 4.32)]"
/n/home02/ematsumoto/AC297r/CoughAnalyzer/data_w_noise_white0.03_nbn10_nbd0.5_w-beeping_w-talking/0b2f75d7-f116-4f35-ae4c-f2018eab2794.wav,"[(0.96, 1.92), (2.4, 5.28), (5.76, 6.72)]"
/n/home02/ematsumoto/AC297r/CoughAnalyzer/data_w_noise_white0.03_nbn10_nbd0.5_w-beeping_w-talking/620ded24-220f-4ada-b032-2b5c170b279a.wav,"[(0.96, 1.92), (2.4, 4.8), (5.76, 7.2)]"
/n/home02/ematsumoto/AC297r/CoughAnalyzer/data_w_noise_white0.03_nbn10_nbd0.5_w-beeping_w-talking/01820f7c-b953-4faf-aa13-978cfda6b08e.wav,"[(4.32, 5.28)]"
/n/home02/ematsumoto/AC297r/CoughAnalyzer/data_w_noise_white0.03_nbn10_nbd0.5_w-beeping_w-talking/b73530b6-f66b-4599-af9a-4066253bae7f.wav,"[(2.4, 4.32), (5.279999999999999, 6.239999999999999)]"
/n/home02/ematsumoto/AC297r/CoughAnalyzer/data_w_noise_white0.03_nbn10_nbd0.5_w-beeping_w-talking/02aa80ef-a83b-477f-b01d-575651364b22.wav,"[(1.44, 2.4)]"
/n/home02/ematsumoto/AC297r/CoughAnalyzer/data_w_noise_white0.03_nbn10_nbd0.5_w-beeping_w-talking/155af887-ff41-4047-b602-7acdabf7bd92.wav,"[(2.88, 3.84)]"
/n/home02/ematsumoto/AC297r/CoughAnalyzer/data_w_noise_white0.03_nbn10_nbd0.5_w-beeping_w-talking/bcf8e484-3423-4654-83e5-8188ef14e73f.wav,"[(3.84, 5.28)]"
/n/home02/ematsumoto/AC297r/CoughAnalyzer/data_w_noise_white0.03_nbn10_nbd0.5_w-beeping_w-talking/0dfa1560-9b26-4474-a9d9-d96c05424fbc.wav,"[(1.44, 3.84), (4.32, 5.76)]"
/n/home02/ematsumoto/AC297r/CoughAnalyzer/data_w_noise_white0.03_nbn10_nbd0.5_w-beeping_w-talking/01567151-7bb2-45ee-9aa8-a1332b5941ea.wav,"[(1.44, 2.88), (4.32, 6.239999999999999)]"
/n/home02/ematsumoto/AC297r/CoughAnalyzer/data_w_noise_white0.03_nbn10_nbd0.5_w-beeping_w-talking/52339446-0c26-4d66-a776-9894b8bd196f.wav,"[(5.279999999999999, 7.68)]"
/n/home02/ematsumoto/AC297r/CoughAnalyzer/data_w_noise_white0.03_nbn10_nbd0.5_w-beeping_w-talking/11c1e2d8-52e2-4e32-8ab8-b858268e0ca9.wav,"[(0.48, 5.28)]"
/n/home02/ematsumoto/AC297r/CoughAnalyzer/data_w_noise_white0.03_nbn10_nbd0.5_w-beeping_w-talking/218f522f-d3b0-4370-a93f-e8a70d958950.wav,"[(1.44, 5.76)]"
/n/home02/ematsumoto/AC297r/CoughAnalyzer/data_w_noise_white0.03_nbn10_nbd0.5_w-beeping_w-talking/47eee8d8-e1ac-49a7-8059-ad702620309a.wav,"[(3.36, 4.8)]"
/n/home02/ematsumoto/AC297r/CoughAnalyzer/data_w_noise_white0.03_nbn10_nbd0.5_w-beeping_w-talking/bae0c88f-852c-4f3f-8141-d037c777459e.wav,"[(1.92, 3.84), (4.32, 6.239999999999999)]"
/n/home02/ematsumoto/AC297r/CoughAnalyzer/data_w_noise_white0.03_nbn10_nbd0.5_w-beeping_w-talking/52f6838a-4033-4a71-84bb-81cbb4e64ab7.wav,"[(1.44, 2.88)]"
/n/home02/ematsumoto/AC297r/CoughAnalyzer/data_w_noise_white0.03_nbn10_nbd0.5_w-beeping_w-talking/e56b40e6-935c-41c6-a04f-cfa133d69cec.wav,"[(1.92, 2.88), (3.84, 5.76)]"
/n/home02/ematsumoto/AC297r/CoughAnalyzer/data_w_noise_white0.03_nbn10_nbd0.5_w-beeping_w-talking/92307087-a106-4fd5-919a-a92b57ffd316.wav,"[(2.4, 3.36)]"
/n/home02/ematsumoto/AC297r/CoughAnalyzer/data_w_noise_white0.03_nbn10_nbd0.5_w-beeping_w-talking/c3382b37-9f19-4379-b488-68f636a6c684.wav,"[(0.48, 1.44), (1.92, 3.84), (8.16, 9.600000000000001)]"
/n/home02/ematsumoto/AC297r/CoughAnalyzer/data_w_noise_white0.03_nbn10_nbd0.5_w-beeping_w-talking/55c0a763-5f42-476e-9c72-e2924b21b2b4.wav,"[(1.92, 6.239999999999999)]"
/n/home02/ematsumoto/AC297r/CoughAnalyzer/data_w_noise_white0.03_nbn10_nbd0.5_w-beeping_w-talking/5542e025-cec0-48d8-8ac2-541975793b94.wav,"[(3.84, 8.16)]"
/n/home02/ematsumoto/AC297r/CoughAnalyzer/data_w_noise_white0.03_nbn10_nbd0.5_w-beeping_w-talking/31e5a9cf-6a3e-43a3-8e0f-65c99f5748e9.wav,"[(0.48, 1.92), (4.8, 7.68)]"
/n/home02/ematsumoto/AC297r/CoughAnalyzer/data_w_noise_white0.03_nbn10_nbd0.5_w-beeping_w-talking/fd849b72-f4bf-4852-9bc2-fd9becc9571e.wav,"[(1.92, 2.88)]"
/n/home02/ematsumoto/AC297r/CoughAnalyzer/data_w_noise_white0.03_nbn10_nbd0.5_w-beeping_w-talking/637d6498-1d52-4860-9976-5a7a94f2a0c3.wav,"[(1.92, 2.88), (4.8, 5.76)]"
/n/home02/ematsumoto/AC297r/CoughAnalyzer/data_w_noise_white0.03_nbn10_nbd0.5_w-beeping_w-talking/2cc2fd2e-6314-424a-977b-7237f935fb65.wav,"[(1.92, 3.84), (4.8, 6.72)]"
/n/home02/ematsumoto/AC297r/CoughAnalyzer/data_w_noise_white0.03_nbn10_nbd0.5_w-beeping_w-talking/47bd1b3a-b186-490f-9227-94bbd788b6f4.wav,"[(0.48, 1.44), (1.92, 2.88)]"
/n/home02/ematsumoto/AC297r/CoughAnalyzer/data_w_noise_white0.03_nbn10_nbd0.5_w-beeping_w-talking/22cb791b-2eba-480f-9eb3-69018bd25a04.wav,"[(4.8, 6.72)]"
/n/home02/ematsumoto/AC297r/CoughAnalyzer/data_w_noise_white0.03_nbn10_nbd0.5_w-beeping_w-talking/4735aed3-46f9-44c5-91f0-ca772c541fff.wav,"[(1.92, 2.88), (6.24, 7.2)]"
/n/home02/ematsumoto/AC297r/CoughAnalyzer/data_w_noise_white0.03_nbn10_nbd0.5_w-beeping_w-talking/18722fbe-d240-457a-a0fc-2d9d09bfbcc8.wav,"[(6.24, 7.2)]"
/n/home02/ematsumoto/AC297r/CoughAnalyzer/data_w_noise_white0.03_nbn10_nbd0.5_w-beeping_w-talking/a1f69db9-81f4-4a07-9808-dd1c99053125.wav,"[(0.48, 1.44), (1.92, 2.88), (5.76, 7.2)]"
/n/home02/ematsumoto/AC297r/CoughAnalyzer/data_w_noise_white0.03_nbn10_nbd0.5_w-beeping_w-talking/459c949d-1074-4687-a911-e1b61753643c.wav,"[(4.8, 6.239999999999999)]"
/n/home02/ematsumoto/AC297r/CoughAnalyzer/data_w_noise_white0.03_nbn10_nbd0.5_w-beeping_w-talking/e9bf0a5a-ff96-480b-a54a-f647143e1d6f.wav,"[(1.92, 2.88)]"
/n/home02/ematsumoto/AC297r/CoughAnalyzer/data_w_noise_white0.03_nbn10_nbd0.5_w-beeping_w-talking/88a9b00f-205e-4fbc-9cda-1793f2c7600b.wav,"[(1.44, 3.36), (4.32, 5.76)]"
/n/home02/ematsumoto/AC297r/CoughAnalyzer/data_w_noise_white0.03_nbn10_nbd0.5_w-beeping_w-talking/2e9f905a-697c-48db-883e-7e905873172f.wav,"[(2.88, 4.32), (4.8, 6.239999999999999)]"
/n/home02/ematsumoto/AC297r/CoughAnalyzer/data_w_noise_white0.03_nbn10_nbd0.5_w-beeping_w-talking/a4cc4680-8bb6-4646-b9cf-d77a4e8ada21.wav,"[(3.36, 4.8)]"
/n/home02/ematsumoto/AC297r/CoughAnalyzer/data_w_noise_white0.03_nbn10_nbd0.5_w-beeping_w-talking/493632f2-537a-4a36-a932-268a8aa59486.wav,"[(1.44, 2.88)]"
/n/home02/ematsumoto/AC297r/CoughAnalyzer/data_w_noise_white0.03_nbn10_nbd0.5_w-beeping_w-talking/0569d979-384b-4a30-b0ca-2b19e8c8650b.wav,"[(2.88, 4.32), (4.8, 5.76)]"
/n/home02/ematsumoto/AC297r/CoughAnalyzer/data_w_noise_white0.03_nbn10_nbd0.5_w-beeping_w-talking/f5e8d8ec-e234-4117-a4ab-2f7dba0066ef.wav,"[(3.36, 4.8)]"
/n/home02/ematsumoto/AC297r/CoughAnalyzer/data_w_noise_white0.03_nbn10_nbd0.5_w-beeping_w-talking/3c6cfda1-3fe9-403d-b5d1-7797420debe2.wav,"[(0.48, 1.44), (2.88, 5.76)]"
/n/home02/ematsumoto/AC297r/CoughAnalyzer/data_w_noise_white0.03_nbn10_nbd0.5_w-beeping_w-talking/f0da0dd1-a4d1-47ac-bc31-e9c6ceb05e28.wav,"[(0.48, 1.92), (2.4, 4.32)]"
/n/home02/ematsumoto/AC297r/CoughAnalyzer/data_w_noise_white0.03_nbn10_nbd0.5_w-beeping_w-talking/562c3783-d5ac-4d30-90c6-054fbc83dbff.wav,"[(1.44, 2.88), (3.36, 5.28)]"
/n/home02/ematsumoto/AC297r/CoughAnalyzer/data_w_noise_white0.03_nbn10_nbd0.5_w-beeping_w-talking/4c2840ed-fd4b-4a86-b976-5cc040d6ea4e.wav,"[(0.48, 2.4)]"
/n/home02/ematsumoto/AC297r/CoughAnalyzer/data_w_noise_white0.03_nbn10_nbd0.5_w-beeping_w-talking/3733c427-2c04-48ee-8e8d-82f38a184b04.wav,"[(1.92, 2.88), (3.84, 4.8), (5.279999999999999, 6.72)]"
/n/home02/ematsumoto/AC297r/CoughAnalyzer/data_w_noise_white0.03_nbn10_nbd0.5_w-beeping_w-talking/706b1acc-0e61-499e-abb1-43de015eef46.wav,"[(2.4, 4.32), (4.8, 6.72)]"
/n/home02/ematsumoto/AC297r/CoughAnalyzer/data_w_noise_white0.03_nbn10_nbd0.5_w-beeping_w-talking/2e4456dd-bb47-45f7-b2ef-7b2d2f2859c6.wav,"[(1.92, 2.88)]"
/n/home02/ematsumoto/AC297r/CoughAnalyzer/data_w_noise_white0.03_nbn10_nbd0.5_w-beeping_w-talking/01ff40e8-63e6-4570-a463-9778ea30cad7.wav,"[(1.44, 2.88), (5.279999999999999, 6.72)]"
/n/home02/ematsumoto/AC297r/CoughAnalyzer/data_w_noise_white0.03_nbn10_nbd0.5_w-beeping_w-talking/2f651988-a4c4-4042-a123-f0cc68a961a5.wav,"[(3.84, 5.28), (7.68, 8.64)]"
/n/home02/ematsumoto/AC297r/CoughAnalyzer/data_w_noise_white0.03_nbn10_nbd0.5_w-beeping_w-talking/eade4e05-0fe3-4736-8a9c-35467d078113.wav,"[(1.92, 3.36), (5.76, 6.72)]"
/n/home02/ematsumoto/AC297r/CoughAnalyzer/data_w_noise_white0.03_nbn10_nbd0.5_w-beeping_w-talking/03c8796e-547e-4158-ae5f-7c613aaeb02f.wav,"[(2.4, 3.84), (4.8, 5.76)]"
/n/home02/ematsumoto/AC297r/CoughAnalyzer/data_w_noise_white0.03_nbn10_nbd0.5_w-beeping_w-talking/e08e7dcf-5219-4eb7-9d74-c5605830db06.wav,"[(0.96, 3.36), (3.84, 6.72), (7.68, 9.120000000000001)]"
/n/home02/ematsumoto/AC297r/CoughAnalyzer/data_w_noise_white0.03_nbn10_nbd0.5_w-beeping_w-talking/9cb78c5b-fc08-48f4-83e9-fdeae7ca86e5.wav,"[(2.88, 3.84)]"
/n/home02/ematsumoto/AC297r/CoughAnalyzer/data_w_noise_white0.03_nbn10_nbd0.5_w-beeping_w-talking/09e64861-61b1-4f66-a7c0-17ac1a0c60f0.wav,"[(1.92, 3.84), (4.8, 7.2)]"
/n/home02/ematsumoto/AC297r/CoughAnalyzer/data_w_noise_white0.03_nbn10_nbd0.5_w-beeping_w-talking/de543d13-541c-4ad7-bb3c-c5c302de3aaf.wav,"[(1.92, 3.84), (4.32, 6.72)]"
/n/home02/ematsumoto/AC297r/CoughAnalyzer/data_w_noise_white0.03_nbn10_nbd0.5_w-beeping_w-talking/dddb1a55-d976-40bc-ad41-cdc713623e03.wav,"[(5.279999999999999, 6.72)]"
/n/home02/ematsumoto/AC297r/CoughAnalyzer/data_w_noise_white0.03_nbn10_nbd0.5_w-beeping_w-talking/21aee478-6d13-45ea-be4d-4f29fd244798.wav,"[(1.92, 4.32), (4.8, 6.239999999999999)]"
/n/home02/ematsumoto/AC297r/CoughAnalyzer/data_w_noise_white0.03_nbn10_nbd0.5_w-beeping_w-talking/6647b629-2246-48c9-83ad-c3ad4795c891.wav,"[(2.88, 3.84)]"
/n/home02/ematsumoto/AC297r/CoughAnalyzer/data_w_noise_white0.03_nbn10_nbd0.5_w-beeping_w-talking/0a03da19-eb19-4f51-9860-78ad95fa8cb5.wav,"[(2.88, 4.32)]"
